university,endowment,numFaculty,numDoctoral,country,numStaff,established,numPostgrad,numUndergrad,numStudents
Aarhus University,5.27E+09,,,Denmark,11000,1928,16395,17504,44
Acadia University,4.00E+07,,,Canada,211,1838,76,2760,3000
Adelphi University,8.60E+07,,NA,United States,956,1896,3466,5137,8603
Agnes Scott College,2.31E+08,82,,United States,,1889,84,914,998
Alabama Agricultural and Mechanical University,1.19E+08,,,United States,,1875,1143,4380,
Albany State University,1500000,,,United States,,1903,424,3714,4176
Albright College,3.80E+07,,NA,United States,,1856,100,1660,2334
Alexandru Ioan Cuza University,120000000,838,,Romania,,1860,10539,27601,38140
Alfred University,7.97E+07,164,,United States,,1836,approx. 300,2000,2300
Alma College,7.97E+07,82,,United States,,1886,,48,
Alverno College,1.67E+07,110,,United States,450,1887,340,2314,2654
American University,4.18E+08,600,NA,United States,,1926,3912,6028,
American University in Bulgaria,1.74E+07,79,,Bulgaria,,1991,47,1069,1116
American University of Beirut,4.00E+08,653,NA,Lebanon,,1866,,6342,7943
Amherst College,1.64E+09,,NA,United States,190,1821,,1744,
Amirkabir University of Technology,800000000,480,,Iran,,1958,3600,7000,
Anderson University (Indiana),2.79E+07,144,,United States,,1917,,2022,2565
Andrews University,2.63E+07,298,,United States,298,1874,,1760,3420
Appalachian State University,5.61E+07,824,,United States,1592,1899,1884,15616,17500
Arizona State University,5.14E+08,2862,,United States,,1885,13850,56562,70440
Arkansas State University,3.09E+07,469,142,United States,965,1909,2132,10024,13438
Armstrong Atlantic State University,7900000,292,,United States,,1935,926,6612,7538
Aston University,1900000,,NA,England,1000,1895,2530,7030,9555
Auburn Montgomery,2.39E+07,318,,United States,,1967,779,4300,5079
Auburn University,472000000,,NA,United States,1200,1856,5023,20446,25469
Augsburg College,3.30E+07,,,United States,appx. 20,1869,807,3015,3785
Aurora University,3.91E+07,,NA,United States,NA,1893,"2,000",2000,
Austin College,1.09E+08,,,United States,104,1849,29,1291,
Austin Peay State University,8000000,550,NA,United States,629,1927,888,9835,
Autonomous University of Baja California,144000000,4939,,Mexico,1724,1957,1316,46562,47878
Averett University,1.93E+07,270,,United States,,1859,648,2071,2719
Babson College,2.50E+08,,NA,United States,,1919,,1851,3439
Baldwin–Wallace College,9.58E+07,,,United States,596,1845,212,3965,
Baldwin Wallace University,1.20E+08,,NA,United States,,1845,716,3461,
Bard College,270000000,224,,United States,,1860,320,1985,2305
Barry University,2.51E+07,801,NA,United States,,1939,3408,5916,9300
Bates College,1.84E+08,194,,United States,,1855,,1738,
Bath Spa University,155000,,,England,,1875,2605,4505,7110
Baylor University,8.72E+08,859,,United States,,1845,2620,12149,14769
Beijing Institute of Petrochemical Technology,5.00E+08,830,,China,,1978,100,6800,8000
Belhaven University,4300000,49,NA,United States,,1883,796,2589,3245
Bellarmine University,2.90E+07,,,United States,240,1950,673,2417,3090
Belmont University,7.38E+07,520,,United States,,1890,1349,5298,6647
Beloit College,1.08E+08,94,,United States,,1846,0,1300,
Bemidji State University,1.09E+07,246,,United States,,1919,437,4928,5365
Bennington College,12000000,62,,United States,,1932,143,668,811
Berea College,9.50E+08,131,,United States,,1855,0,1514,
Bethel College (Indiana),7800000,,,United States,,1947,120,2000,2100
Bethel College (Kansas),9000000,,,United States,60,1887,,476,
Biola University,6.99E+07,900,NA,United States,,1908,1995,4106,
"Birkbeck, University of London",204,,,United Kingdom,,1823,3540,15475,19020
Birmingham City University,1800000,,NA,United Kingdom,,1843,3726,20630,24849
Birmingham–Southern College,7.30E+07,,,United States,,1856,,1400,
Bluffton University,1.95E+07,63,0,United States,,1899,114,1001,1115
Boise State University,7.85E+07,643,,United States,,1932,2296,17349,19664
Boston College,1.90E+09,Total: 1489,NA,United States,1368,1863,4928,9826,14754
Boston University,1.02E+09,3931,NA,United States,7410,1839,13232,15977,30823
Bournemouth University,2400000,,,England,,1992,2022,14380,17502
Bradley University,1.99E+08,389,,United States,,1897,800,5301,
Brandeis University,620000000,326,NA,United States,961,1948,1872,3185,
Brenau University,2.32E+07,108,,United States,,1878,800,1700,
Bridgewater College,5.44E+07,143,,United States,,1880,,1651,
Bridgewater State University,1.80E+07,,NA,United States,,1840,1873,9328,11201
Brock University,4.16E+07,596,,Canada,915,1964,621,2868,17000
Brooklyn College,6.00E+07,,NA,United States,444,1930,3727,13095,16822
Broome Community College,1.01E+07,406,,United States,,1946,,6625,
Brunel University,2010000,,974,England,1616,1966,3779,10345,15446
Bryn Mawr College,522000000,158,,United States,,1885,464,1307,1771
Bucknell University,5.75E+08,358,NA,United States,,1846,155,3495,
Buffalo State College,2.27E+07,698,,United States,1779,1871,1657,10002,11659
Butler University,1.55E+08,,,United States,,1855,633,4034,
Cabrini College,1.03E+07,237,,United States,,1957,84000,1700,
California Institute of Technology,1.55E+09,294,,United States,,1891,1208,967,2175
California Institute of the Arts,1.02E+08,314,4,United States,,1961,559,895,1454
California Lutheran University,4.84E+07,356,,United States,,1959,1386,2545,
"California State Polytechnic University, Pomona",50000000,1845,,United States,,1938,2183,20090,
"California State University, Bakersfield",1.79E+07,4412009,,United States,5462007,1965,10732010,8627,80022011
"California State University, Channel Islands",9890000,205,NA,United States,370,2002,255,3800,4179
"California State University, Dominguez Hills",9100000,678,,United States,,1960,28302011,12632,
"California State University, East Bay",1.00E+07,737,,United States,,1957,2142,10582,
"California State University, Fresno",1.27E+08,1194,NA,United States,,1911,3284,21655,
"California State University, Monterey Bay",1.30E+07,334,,United States,,1994,387,4795,
Cambridge College,8500000,26,NA,United States,,1971,5375,1552,
Campus of the University of Montana,1.08E+08,581,,United States,,1893,,12421,15642
Canisius College,9.85E+07,Total: 429,NA,United States,,1870,1767,3385,5152
Cape Breton University,3400,,not available,Canada,,1951,181,2987,3168
Capitol College,3000000,12,NA,United States,54,1927,412,342,754
Cardiff University,2.21E+07,,,United Kingdom,5230,1883,7840,21800,30930
Cardinal Stritch University,1.89E+07,,,United States,,1937,"3,230",3046,6276
Carleton College,640000000,198,NA,United States,,1866,0,1958,
Carnegie Mellon University,7.54E+08,1368,,United States,,1900,5265,5705,
Carroll College (Montana),27000000,,,United States,,1909,,1502,
Case Western Reserve University,1.52E+09,2400,,United States,,1967,5458,4227,
Cazenovia College,2.70E+07,154,,United States,,1824,,1000,
Cedar Crest College,1.45E+07,92,,United States,,1867,,1800,1885
Cedarville University,966,210,NA,United States,,1887,,3149,3209
Centenary College of Louisiana,8.95E+07,,,United States,228,1825,107,760,
Center for Imaging Science,544000000,915,,United States,1831,1989,2633,13861,
Central College (Iowa),6.31E+07,89,,United States,,1853,,1600,1650
Central Connecticut State University,2.30E+07,,NA,United States,416,1849,2637,9678,
Central Michigan University,5.80E+07,836,NA,United States,,1892,6613,21698,28311
Centre College,1.75E+08,145,NA,United States,,1819,,1350,
Chaminade University of Honolulu,9300000,86,,United States,,1955,,2132,2836
Chapman University,1.51E+08,581,,United States,,1861,1303,4193,6398
Chicago State University,3763212,470,,United States,,1867,2304,4531,7131
Christendom College,3100000,44,,United States,41,1977,67,389,
Christian Brothers University,2.71E+07,110,N/A,United States,,1871,324,1455,1779
City College of Manila,1.04E+08,,,Philippines,,1995,,14000,
City College of New York,1.31E+08,508,,United States,401,1847,3282,12541,15889
City University London,4.01E+07,,,United Kingdom,,1852,7528,9367,17499
Claremont McKenna College,5.43E+08,134,,United States,,1946,20,1211,
Clarkson University,1.65E+08,231,NA,United States,,1896,521,3018,
Clearwater Christian College,389000,,,United States,,1966,,601,
Clemson University,3.31E+08,1264,,United States,,1889,4078,15836,
Coe College,7.79E+07,80,,United States,,1851,,1300,
Colby College,6.22E+08,171,NA,United States,NA,1813,,1825,
Colby–Sawyer College,2.11E+07,Faculty/Student Ratio 11:1,,United States,,1837,,1119,
Colgate University,6.93E+08,315,,United States,,1819,12,2825,
College of Idaho,7.66E+07,,,United States,250,1891,,1010,
College of Mount Saint Vincent,5800000,,NA,United States,,1847,400,1527,
College of Mount St. Joseph,1.87E+07,116,,United States,,1920,336,1889,
College of New Rochelle,1.71E+07,738,,United States,,1904,,6800,
College of Saint Benedict and Saint John's University,1.22E+08,294,,United States,,1857,,1917,
College of the Atlantic,1.96E+07,,,United States,,1969,6,364,
College of the Ozarks,2.77E+08,89,,United States,150,1906,,1371,1371
College of Wooster,239000000,137,,United States,,1866,N/A,1854,
Colorado College,4.01E+08,,NA,United States,,1874,,2011,
Colorado School of Mines,196000000,,NA,United States,,1873,958,3338,
Colorado State University,3.99E+08,1468,,United States,4379,1870,3864,24553,
Columbia College Chicago,9.31E+07,2000,,United States,,1890,522,11400,11922
Columbia–Greene Community College,1500000,110,,United States,,1966,,1692,
Columbus State University,2.93E+07,473,32,United States,572,1958,1229,7069,8298
Concordia College (Moorhead),7.43E+07,248,,United States,400,1891,,2784,
Concordia University Texas,1.33E+07,,,United States,,1926,1156,1502,2658
Connecticut College,190000000,177,,United States,486,1911,5,1911,
Converse College,5.15E+07,,,United States,,1889,1165,773,1938
Corban University,3000000,,,United States,,1935,,730,1015
Corcoran College of Art and Design,1.40E+07,213,,United States,,1890,240,350,
Cornell College,5.42E+07,,,United States,,1853,,1197,
Cornell University,5.28E+09,34,,United States,,1865,135,13935,20939
Coventry University,834000,,,England,,1843,2875,16430,19415
Creighton University,4.50E+08,Total: 960,,United States,,1878,3577,4153,7730
Culinary Institute of America,6.42E+07,130,,United States,,1946,,2757,
D'Youville College,2.52E+07,,,United States,,1908,,1620,3200
"Dale Bumpers College of Agricultural, Food and Life Sciences",1.50E+07,,,United States,,1905,287,1342,1604
Dalhousie University,3.55E+08,1085,,Canada,,1818,3783,12169,17261
Dallas Baptist University,3.64E+07,124,,United States,,1898,2060,3485,
Davidson College,5.09E+08,164,,United States,549,1837,,1743,1890
Defiance College,1.47E+07,86,,United States,,1850,100,900,1000
Delaware County Community College,1200000,699,,United States,,1967,,10627,
Delaware State University,2.08E+07,436,101,United States,,1891,333,3745,4179
Delaware Valley College,3.00E+07,,NA,United States,,1896,,1700,
Delft University of Technology,3.83E+08,3375,2300,Netherlands,2280,1842,6300,10900,19500
De Montfort University,900000,,NA,United Kingdom,,1870,3290,17125,21210
Denison University,6.67E+08,,NA,United States,212,1831,,2132,
DePaul University,4.14E+08,919,,United States,,1898,9014,16384,
DePauw University,513000000,254,,United States,,1837,,2400,
DeSales University,3.40E+07,96,,United States,,1965,,1560,2499
Dominican University of California,1.74E+07,193,,United States,,1890,970,1300,2270
Doshisha University,1.50E+09,603,,Japan,,1920,2256,22433,
Dowling College,4235692,,35,United States,,1955,1946,3252,5233
Drake University,1.35E+08,,NA,United States,362,1881,2057,3164,
Drew University,1.95E+08,244,,United States,345,1867,991,1656,
Drexel University,4.27E+08,2396,NA,United States,1404,1891,7000,12004,22479
Drury University,6.76E+07,,,United States,,1873,"~3,914",1560,
Duquesne University,1.71E+08,,,United States,,1878,4505,5858,10363
Earlham College,2.54E+08,97,,United States,,1847,,1181,
Eastern Kentucky University,4.44E+07,667,,United States,1672,1874,2171,14396,16567
Eastern Michigan University,4.07E+07,1000,,United States,700,1849,4729,18245,22974
Eastern Virginia Medical School,3.87E+07,,454,United States,,1973,298,27,779
East Tennessee State University,9.68E+07,866,445,United States,,1911,2144,10259,15536
Edinboro University of Pennsylvania,1.12E+07,346,,United States,392,1857,1945,7161,9106
El Colegio de México,4.75E+07,185,NA,Mexico,538,1940,294,77,380
Elizabethtown College,1.74E+11,125,,United States,,1899,42,1671,
Elmira College,2.77E+07,,,United States,,1855,,1170,
Elms College,12000000,63,,United States,,1928,,1118,
Elon University,1.24E+08,364,NA,United States,,1889,691,5225,
Emerson College,4.90E+07,176,NA,United States,,1880,837,3453,
Emory and Henry College,7.13E+07,,NA,United States,,1836,37,941,978
Emory University,5.40E+09,,NA,United States,,1836,6150,7231,13381
Emporia State University,6.20E+07,258,,United States,,1863,1950,4338,6314
Endicott College,2.51E+07,,,United States,,1939,1800,2250,
Epoka University,3000,50,,Albania,25,2007,200,600,800
"Eulogio ""Amang"" Rodriguez Institute of Science and Technology",2.70E+07,,,Philippines,,1945,,13000,
Fairfield University,2.18E+08,Total: 546,,United States,,1942,1156,3835,4991
Fairmont State University,8760000,597,,United States,450,1865,600,7100,7740
Faulkner University,1.54E+07,118,,United States,,1942,,2212,3574
Fayetteville State University,1.51E+07,328,,United States,581,1867,768,5162,5930
Federal University of Campina Grande,1.27E+08,1500,,Brazil,2000,1952,400,10,
Ferris State University,2.51E+07,561,41,United States,832,1884,1169,13350,14560
Ferrum College,3.18E+07,250,,United States,,1913,,1400,
Fitchburg State University,7000000,171,,United States,,1894,1679,3522,5201
Florida Atlantic University,1.56E+08,1621,,United States,1652,1961,4245,23613,29290
Florida Gulf Coast University,5.71E+07,500,NA,United States,681,1991,1089,10333,12024
Florida Institute of Technology,4.45E+07,664,,United States,,1958,3403,5582,8985
Florida International University,138000000,3303,,United States,4883,1965,8819,39147,47966
Florida Southern College,51000000,109,,United States,,1883,148,2278,2426
Florida State University,453000000,2150,NA,United States,6129,1851,8486,31851,41710
Fontbonne University,1.71E+07,,,United States,,1923,934,2098,3120
Fordham University,5.11E+08,Total: 1121,,United States,,1841,6762,8427,15189
Fort Hays State University,4.05E+07,303,,United States,,1902,1327,7173,11308
Franciscan University of Steubenville,2.79E+07,224,,United States,,1946,653,2088,
Franklin University,6.00E+07,,NA,United States,,1902,887,7055,7942
Franklin W. Olin College of Engineering,3.69E+08,,,United States,31,1997,,306,
Freed–Hardeman University,2.44E+07,,,United States,,1869,482,1490,1972
Fulton–Montgomery Community College,1500000,98,,United States,,1963,,2700,
Gallaudet University,1.36E+08,,NA,United States,293,1864,466,1874,
Gannon University,2.88E+07,200,,United States,,1925,1260,2978,4238
Geneva College,2.86E+07,96,NA,United States,,1848,241,1638,1791
George Fox University,1.61E+07,358,,United States,,1885,1380,1739,
Georgetown College (Kentucky),47000000,167,NA,United States,,1829,567,1284,
George W. Woodruff School of Mechanical Engineering,6.76E+07,92,,United States,55,1885,723,1765,2488
George Washington University,1.33E+09,2062,NA,United States,,1821,13718,10813,24531
Georgia College & State University,2.80E+07,,NA,United States,407,1889,964,5690,6654
Georgia Health Sciences University,9.05E+07,1027,1135,United States,3500,1828,892,390,2442
Georgia Institute of Technology,1.44E+09,4875,,United States,,1885,6815,13672,20487
Georgian Court University,3.30E+07,309,NA,United States,,1908,1090,1955,
Georgia Southern University,3.75E+07,727,,United States,353,1906,2687,17525,20212
Georgia State University,1.66E+08,,,United States,1716,1913,7676,22587,40000
Glendale Community College (California),8000000,Unknown,NA,United States,,1927,N/A,20000,
Glendon College,2.70E+08,,,Canada,225,1959,TBD,2400,
"Goldsmiths, University of London",136.8,,NA,United Kingdom,,1891,2585,4815,7615
Gonzaga University,1.46E+08,364,NA,United States,,1887,2899,4865,7764
Gordon College (Massachusetts),2.71E+07,,,United States,,1889,234,1514,1748
Goshen College,8.31E+07,70,,United States,,1894,16,955,971
Goucher College,1.49E+08,146,,United States,,1885,900,1475,
Governors State University,1133562,,NA,United States,1192,1969,5143,2632,
Grace College,8380000,74,,United States,,1948,120,1534,1308
Grand Valley State University,7.50E+07,837,NA,United States,,1960,3426,21236,24662
Gulf Coast State College,5300000,,,United States,,1957,,2248,6058
H. Sophie Newcomb Memorial College,807000000,1132,,United States,,1834,4408,6749,
Haas School of Business,2.14E+08,209,80,United States,,1898,1564,700,
Hamilton College,7.02E+08,219,,United States,,1812,,1812,
Hampshire College,2.89E+07,160,,United States,115,1965,,1500,
Hanover College,1.22E+08,100,,United States,,1827,,938,1033
Hardin–Simmons University,8.71E+07,,73,United States,,1891,438,1997,2435
Harrisburg Area Community College,3.02E+07,,,United States,255,1964,,21000,
Harvey Mudd College,2.43E+08,83,NA,United States,,1955,,738,
Hashemite University,104000000,609,,Jordan,,1996,964,16885,17849
Hastings College,5.99E+07,,,United States,,1882,,1154,
Haverford College,3.80E+08,138,,United States,,1833,,1190,
Hawaii Pacific University,80000000,,,United States,,1965,1500,7500,9000
Heidelberg University (Ohio),2.34E+07,,,United States,,1850,400,1200,1600
Hesston College,5800000,51,NA,United States,,1909,,450,450
Higher education in Newfoundland and Labrador,5.60E+07,846,,Canada,,1925,2952,14818,7881
High Point University,37000000,879,,United States,,1924,319,4200,4500
Hilbert College,3500000,98,,United States,,1957,,1100,
Hillsdale College,2.95E+08,124,,United States,,1844,,1402,
Hiram College,5.49E+07,73,,United States,,1850,30,1241,
Hiroshima University,63700000000,3222,1756,Japan,,1929,3358,11322,
Hofstra University,2.67E+08,1185,,United States,,1935,4933,7631,12400
Hollins University,1.29E+08,99,,United States,,1842,249,759,
Holy Family University,8900000,,,United States,,1954,972,2120,3345
Holy Names University,1.12E+07,163,,United States,,1868,495,836,1331
Hood College,47000000,115,NA,United States,,1893,,1487,2435
Hope College,1.34E+08,,NA,United States,250,1866,0,3200,
Houghton College,3.05E+07,,NA,United States,,1883,28,1377,1415
Houston Baptist University,85000000,144,,United States,,1960,367,2200,
Hudson Valley Community College,3700000,574,,United States,,1953,,12205,
Humboldt State University,2.20E+07,551,,United States,,1913,1013,6760,7773
Hunter College,4.90E+07,,,United States,,1870,5743,15566,
"Hunter College, City University of New York",4.90E+07,,,United States,,1870,5743,15566,
Idaho State University,40200750,838,,United States,1269,1901,2661,12892,15553
Illinois Institute of Technology,3.38E+08,659,1541,United States,,1890,3332,2639,7787
Illinois State University,8.84E+07,,,United States,3551,1857,2508,18254,20762
Illinois Wesleyan University,1.86E+08,184,NA,United States,450,1850,,2020,
Indiana Institute of Technology,2.81E+07,160,,United States,,1930,440,3918,4384
Indiana University East,4670000,87117,NA,United States,,1971,,2392,2459
Indiana University Kokomo,7000000,20,,United States,,1945,,3204,3719
Indiana University Northwest,7700000,,,United States,,1963,681,4879,5560
Indiana University – Purdue University Indianapolis,6.01E+08,2152,,United States,,1969,8264,22197,30461
Indiana University South Bend,2.56E+07,281,,United States,,1916,898,7496,8394
Indiana University Southeast,1.48E+07,225,,United States,,1941,1124,5716,6840
Indiana Wesleyan University,45000000,251,,United States,1150,1920,4711,3201,15872
Iona College (New York),4.97E+07,,,United States,,1940,891,3100,
Iowa State University,867000000,1709,NA,United States,NA,1858,4958,24343,29887
Iran University of Science and Technology,6.62E+07,280,,Iran,,1929,1405,4432,
Isfahan University of Technology,687000000,400,,Iran,,1977,2500,7500,
Ithaca College,186000000,673,,United States,989,1892,417,6031,6448
Jacksonville University,2.33E+07,160,,United States,,1934,402,3173,3600
James Madison University,5.77E+07,2659,NA,United States,,1908,1690,17281,18971
John Brown University,5.34E+07,133,,United States,,1919,360,1713,2073
John Carroll University,1.69E+08,635,,United States,,1886,708,3001,3709
John Jay College of Criminal Justice,3100000,1000,,United States,,1964,2000,14000,16000
Johns Hopkins University,2.22E+09,3100,NA,United States,15000,1876,14275,4744,
Juniata College,7.69E+07,,,United States,403,1876,,1619,
Kalamazoo College,1.23E+08,103,NA,United States,,1833,,1340,
Kangwon National University,2.29384E+11,950,,South Korea,562,1947,,20058,23122
Kansai University,1.30E+09,534 full-time,,Japan,,1922,1546,29733,
Kansas State University,3.74E+08,1275,,United States,,1863,3885,18778,23588
Kean University,1.45E+07,953,NA,United States,352,1855,"~3,200",13000,16000
Keele University,790000,820,,United Kingdom,,1949,2380,7460,9840
Kent State University,1.09E+08,2458,NA,United States,2799,1910,6166,22436,28602
Kenyon College,1.59E+08,,NA,United States,182,1824,,1640,
Kettering University,4.83E+07,145,,United States,,1919,301,1573,1874
Keystone College,6100000,,,United States,,1868,,1400,
King's College London,1.25E+08,,NA,United Kingdom,,1829,6310,12320,18630
King Abdullah University of Science and Technology,10000000000,,,Saudi Arabia,,2009,800,0,
Kingston University,87,,,United Kingdom,,1899,4805,18200,23135
"Kish International Campus, University of Tehran",1.77E+08,,NA,Iran,3243,1934,21069,18843,39922
Kobe University,226000000,1436,,Japan,1241,1949,4957,11887,
Kutztown University of Pennsylvania,1.49E+07,552,,United States,563,1866,1004,9189,
Kwansei Gakuin University,8.48E+08,475,782,Japan,279,1932,1529,18302,19966
Kyoto University,2.50E+11,2864,NA,Japan,5397,1970,9308,13399,22707
Lafayette College,5.81E+08,110,,United States,,1826,,2382,
LaGrange College,4.78E+07,,,United States,,1831,40,1137,
Lakehead University,3.11E+07,317,,Canada,2250,1946,594,7254,7848
Lally School of Management & Technology,2.85E+07,,,United States,56,1963,655,354,
Lamar University,8.00E+07,600,,United States,550,1923,4000,10500,13773
Lancaster University,5020000,1490,,England,3025,1964,3346,8780,12125
La Roche College,3400000,,,United States,,1963,250,1707,
La Salle University,5.50E+07,373,,United States,,1863,2781,4773,
Lasell College,2.24E+07,,,United States,,1851,160,1600,1760
La Trobe University,2.67E+08,,,Australia,2749,1964,5275,27487,32762
Lebanon Valley College,39000000,105,,United States,,1866,141,1765,
Leeds Metropolitan University,140000,,,England,3601,1824,3905,23310,41215
Lehigh University,9.78E+08,,NA,United States,1196,1865,2187,4781,
Lenoir–Rhyne University,5.48E+07,189,NA,United States,246,1891,,1653,
Lesley University,1.42E+08,,,United States,,1909,7768,1857,9625
LeTourneau University,5.00E+07,325,,United States,,1946,458,3606,
Lewis University,3.50E+07,200,,United States,,1932,1800,4000,
Liberty University,5.07E+07,1838,NA,United States,,1971,5814,13400,
Lindenwood University,1.13E+08,791,NA,United States,,1827,8564,8787,17351
Lindsey Wilson College,5.30E+07,113,,United States,,1903,,1902,
Lipscomb University,52000000,115,NA,United States,,1891,1521,2757,4278
Liverpool Hope University,179783,,,England,,1844,1675,6190,7885
Liverpool John Moores University,1300000,,,United Kingdom,1095,1823,4100,20270,24370
London School of Economics,4356,1303,,United Kingdom,,1895,4950,3860,8810
Long Island University,8.60E+07,3995,NA,United States,,1926,7466,10634,24170
Longwood University,5.00E+07,,NA,United States,,1839,720,4080,4800
Loras College,2.58E+07,,,United States,172,1839,~60,1550,1683
Louisiana State University,3.86E+08,1500,,United States,5000,1860,4112,21103,25215
Louisiana Tech University,6.75E+07,504,,United States,,1894,2444,9001,11581
Loyola Marymount University,381000000,507,NA,United States,,1911,3283,6069,9352
Loyola University Chicago,3.89E+08,784,NA,United States,"Total: 1,608",1870,6184,9856,15951
Loyola University Maryland,1.66E+08,297,,United States,307,1852,2217,3863,6080
Loyola University New Orleans,2.66E+08,,NA,United States,240,1970,1843,3165,5008
Lumière University Lyon 2,121,,1355,France,,1835,7046,14851,27393
Lycoming College,1.53E+08,90,,United States,,1812,0,1485,
Lynn University,1.38E+07,,,United States,200,1962,400,2500,
Macalester College,6.40E+08,,0,United States,,1874,0,1996,
Macquarie University,51000,,NA,Australia,2365,1964,11840,23328,35274
Maharishi University of Management,9000000,47,NA,United States,200,1971,430,26,1210
Manchester Metropolitan University,984000,,NA,England,,1970,6020,27265,33490
Manchester University (Indiana),3.40E+07,73,NA,United States,,1860,4,1274,4600800
Manhattan College,5.58E+07,,NA,United States,,1853,400,2600,
Marquette University,3.26E+08,,,United States,730,1881,3615,8387,12002
Marshall University,7.02E+07,,,United States,735,1837,4084,9692,14196
Mary Baldwin College,3.08E+07,79,,United States,,1842,197,826,2542
Maryland Institute College of Art,51000000,291,,United States,,1826,228,1644,1872
Marylhurst University,1.21E+07,125,N/A,United States,,1893,985,932,1917
"Marymount College, Tarrytown",6126000,,,United States,,1907,,798,
Marymount University,1.79E+07,141,,United States,,1950,,2373,3633
Maryville College,3.69E+07,79,NA,United States,,1819,,1103,
Maryville University,2.88E+07,140,,United States,,1872,600,1800,2400
Marywood University,2.39E+07,,,United States,259,1915,"over 1,300",2000,
Massachusetts Institute of Technology,1.03E+10,1018,,United States,,1861,6510,4384,10894
Massachusetts Maritime Academy,7100000,,,United States,"full-time, part-time",1891,30,1100,
Max M. Fisher College of Business,1.20E+08,81,60,United States,,1916,71,4747,5552
McGill University,48450,1603,,Canada,3457,1821,8301,25267,
McMaster University,5.13E+08,1330,NA,Canada,,1887,3962,24520,
McPherson College,2.56E+07,40,,United States,90,1887,,621,
Medaille College,8000000,116,NA,United States,,1937,494,2759,
Memorial University of Newfoundland,6.20E+07,1144,NA,Canada,,1925,3118,15454,18572
Mendoza College of Business,357000000,141,,United States,,1921,711,1552,2263
Mercer University,213000000,,,United States,,1833,2500,5500,
Mercyhurst North East,1900000,40,,United States,,1991,,1076,
Meredith College,6.51E+07,,,United States,,1891,300,2000,
Methodist University,1.34E+07,,,United States,,1956,115,2100,
Metropolitan State University of Denver,8600000,299,,United States,,1965,47,23948,
Michigan State University,1.45E+09,4985,,United States,6355,1855,11073,36058,47800
Michigan Technological University,6.36E+07,458,NA,United States,1269,1885,1318,5639,6957
Middlebury College,908000000,311,NA,United States,,1800,,2507,
Middlesex University,1200000,,,United Kingdom,1925,1973,6040,17140,23175
Middle Tennessee State University,4.82E+07,900,,United States,,1911,2791,21401,24192
Millersville University of Pennsylvania,2.32E+07,299,,United States,540,1855,1081,7644,
Milwaukee School of Engineering,3.37E+07,132,,United States,,1903,210,2438,2648
Mindanao State University,1.20E+09,1338,,Philippines,,1961,3955,45990,
"Minnesota State University, Mankato",3.37E+07,600,130,United States,1300,1868,1716,13547,15649
Minnesota State University Moorhead,7180000,337,,United States,789,1887,440,7057,7497
Misericordia University,1.53E+07,,,United States,257,1924,290,2068,2355
Mississippi State University,2.84E+08,1359,,United States,3361,1878,4570,15074,7.07E+07
Missouri Baptist University,3000000,230,,United States,,1957,1423,3413,4836
Missouri University of Science and Technology,1.12E+09,475,NA,United States,906,1870,1702,5504,7521
MIT Sloan School of Management,657000000,190,,United States,,1914,976,263,
Mohawk Valley Community College,3600000,314,,United States,,1946,,7200,
Montana State University,8.67E+07,1040,,United States,1924,1893,1924,10840,14153
Montana State University – Bozeman,8.67E+07,1040,,United States,1924,1893,1924,10840,14153
Montclair State University,4.71E+07,,,United States,4500,1908,3908,14590,18498
Mount Aloysius College,1.32E+07,,,United States,,1853,,2000,
Mount Saint Mary College,42000000,,,United States,,1960,580,2200,
Mount St. Mary's College,6.54E+07,327,,United States,283,1925,500,1980,2480
Mount St. Mary's University,3.70E+07,98,NA,United States,,1808,500,1600,2100
Muhlenberg College,144000000,171,,United States,,1848,,2225,2225
Murray State University,2.79E+07,406,,United States,,1922,1959,8664,10623
Muskingum University,4.55E+07,114,,United States,,1837,1300,1700,
National Chung Hsing University,1.27E+08,845,,Taiwan,416,1919,5552,10240,
National Louis University,2.29E+07,,,United States,,1886,5000,1600,
National University (California),4.01E+08,2721,NA,United States,,1971,17297,9898,27195
Neumann University,1.35E+07,,,United States,,1965,598,2715,
Newcastle University,3.23E+07,,NA,United Kingdom,5000,1834,5640,14060,19700
New College of Florida,2.50E+07,87,,United States,,1960,,825,
New Economic School,1.80E+07,30,,Russia,,1992,276,63,339
New Jersey Institute of Technology,7.56E+07,504,,United States,,1881,2954,6604,9558
New Mexico Institute of Mining and Technology,5.80E+10,150,,United States,,1889,577,1344,
New Orleans Baptist Theological Seminary,4.70E+07,70,324,United States,,1917,1695,1643,3740
New River Community College,7200,206,,United States,,1959,,4345,
New York Institute of Technology,5.16E+07,273,,United States,,1955,5162,7718,14000
Niagara County Community College,6100000,371,,United States,,1962,,6342,
Niagara University,7.75E+07,130,,United States,,1856,,3300,4200
North Carolina State University,6.18E+08,2068,,United States,5554,1887,9591,25176,34767
North Central College,7.90E+07,139,,United States,,1861,300,2600,2900
Northeastern Illinois University,9.54E+09,,,United States,1762,1867,2913,9314,
Northeastern University,5.70E+08,1854,NA,United States,,1898,5410,15339,
Northern Arizona University,4.64E+07,813,,United States,,1899,5299,18301,23600
Northern Illinois University,5.71E+07,,NA,United States,,1895,6497,18816,25313
Northern Kentucky University,6.80E+07,1159,NA,United States,1021,1968,2199,13206,15405
Northern Michigan University,1.17E+07,457,,United States,,1899,680,8578,
North Greenville University,16000000,,,United States,,1891,,2260,
Northland College (Wisconsin),18500000,,,United States,181,1906,,508,
North Park University,6.00E+07,125,,United States,,1891,,1854,3251
Northwestern University,6.30E+09,"approximately 3,108 full-time faculty",NA,United States,,1851,10759,8425,
Northwest film school,0,4,,United States,,2004,,23,
Northwest Film School,0,4,,United States,,2004,,23,
Norwich University,1.76E+08,112,,United States,,1819,1300,2100,
Nottingham Trent University,758000,,,England,,1970,5265,18640,24225
Nova Southeastern University,6.45E+07,2083,NA,United States,4319,1964,22060,6397,28457
Oakland University,5.63E+07,,NA,United States,,1957,3541,15838,19379
Ohio Northern University,1.13E+08,207,,United States,,1871,,3290,3721
Ohio State University,1.87E+09,,NA,United States,5584,1870,13341,38479,55014
Ohio Wesleyan University,1.90E+08,,,United States,200,1842,0,1850,
Oklahoma Christian University,6.19E+07,,,United States,153,1950,257,1854,
Oklahoma City University,7.16E+07,,,United States,,1904,1456,2243,3700
Old Dominion University,1.70E+08,1023,NA,United States,,1930,6161,18569,24125
Olin Business School,2.49E+08,106,NA,United States,,1917,993,705,
Olivet College,7100000,41,,United States,,1844,,1145,
Olivet Nazarene University,1.36E+07,,,United States,,1907,1495,2600,4666
Oral Roberts University,3.78E+07,,NA,United States,,1963,590,3200,
Orange Coast College,1.00E+07,,,United States,,1947,,18711,24424
Oregon Institute of Technology,4.25E+07,139,,United States,222,1947,20,3907,3927
Oregon State University,4.69E+08,2918,,United States,,1868,3618,20143,23761
Ouachita Baptist University,6.54E+07,117,,United States,,1886,,1448,
Our Lady of the Lake University,3.01E+07,,,United States,,1895,1065,1595,2660
Owens Community College,2100000,,,United States,1300,1965,,20160,
Pace University,1.03E+08,1238,,United States,1527,1906,4471,8928,14177
Pacific Lutheran University,6.73E+07,283,,United States,,1890,266,3195,3461
Palm Beach Atlantic University,5.74E+07,,,United States,,1968,826,2434,
Paris Universitas,15,5500,8000,France,,2005,,25000,70000
Peace College,3.82E+07,,,United States,,1857,0,700,
Penn State Altoona,1056078,,,United States,500,1939,0,4182,
Pennsylvania State University,1.55E+09,8864,,United States,,1855,630,4634,630
Pensacola State College,1.01E+07,200,,United States,448,1948,,11000,36000
Peru State College,1.05E+07,,NA,United States,,1963,358,1766,2124
Piedmont College,5.02E+07,175,,United States,,1897,1227,1056,2640
Pikeville College,1.42E+07,,,United States,,1889,300,700,1130
Pittsburg State University,3.99E+07,301,,United States,,1903,1200,6000,7277
Pitzer College,1.08E+08,116,,United States,200,1963,0,1025,
Point Park University,2.47E+07,,,United States,,1960,,3382,
Polytechnic Institute of New York University,1.22E+08,374,NA,United States,,1854,2581,2071,
Pomona College,1.71E+09,196,NA,United States,,1887,0,1586,
Portland State University,4.00E+07,2592,,United States,1632,1946,6481,23222,29703
Portland State University School of Business Administration,1.10E+07,,,United States,30,1961,500,3000,3500
Pratt Institute,7.35E+07,899,,United States,,1887,1607,3070,
President of Bucknell University,1.55E+12,,,United States,36000,1846,155,3400,
President of Savannah State University,2433508,,,United States,385,1890,,3200,
Presidents of the University of Montana,1.08E+08,581,,United States,,1893,,12421,15642
Providence College,1.64E+08,297,NA,United States,,1917,735,3850,
Purdue University Calumet,7900000,224,,United States,,1946,1128,9005,10133
Purdue University North Central,900000,,,United States,,1948,84,4379,4463
Queens University of Charlotte,5.50E+07,120,,United States,,1857,549,1802,
Radford University,2.74E+07,403,NA,United States,,1910,1005,7773,8878
Randolph–Macon College,9.22E+07,93,,United States,,1830,0,1223,
Reed College,3.99E+08,135,NA,United States,,1908,29,1442,
Regent University,1.86E+08,629,846,United States,381,1978,2130,1960,4494
Regis College,1.48E+07,,,United States,,1927,636,1101,1737
Regis University,1.98E+08,"Total: 1,947",,United States,657,1877,7583,7123,14706
Rend Lake College,4927997,,,United States,,1955,,5259,
Rhode Island School of Design,2.74E+08,146,,United States,,1877,399,1883,2282
Rhodes College,283000000,205,,United States,,1848,10,1820,
Rice University,4.50E+09,650,,United States,2152,1912,2275,3485,5760
Richard Stockton College of New Jersey,1.94E+07,280,NA,United States,,1969,868,7243,
Rider University,5.40E+07,236,NA,United States,,1865,1204,4050,5790
Rio Hondo College,7.96E+07,590,,United States,254,1963,,20000,
Rivier University,2.99E+07,720,47,United States,,1933,805,1437,2242
Roanoke College,1.05E+08,125,NA,United States,,1842,,2100,
Robert Morris University,1.61E+07,241,,United States,,1921,1100,4000,
Rochester Institute of Technology,640000000,1533,NA,United States,2233,1829,2899,14753,
Rocky Mountain College,16586100,,,United States,,1878,66,878,894
Rollins College,2.62E+08,203,,United States,,1885,384,2331,2715
Roosevelt University,6.79E+07,,,United States,,1945,3000,4182,7306
Rose–Hulman Institute of Technology,1.78E+08,158,,United States,,1874,130,1840,
Ross School of Business,5.40E+08,199,,United States,,1924,1914,1206,
Rowan University,1.41E+08,402,,United States,776,1923,1378,9918,
Sacred Heart University,1.08E+08,,,United States,,1963,1831,4192,
Saginaw Valley State University,3.70E+07,----,,United States,,1963,----,8190,10790
Saint Francis University,1.98E+07,241,NA,United States,,1847,617,1832,
Saint Joseph's University,1.73E+08,313,,United States,1060,1851,2544,4600,7542
Saint Louis University,8.00E+08,1002,,United States,,1818,2437,8406,13785
Saint Mary's University (Halifax),1.69E+07,246,89,Canada,393,1802,575,6682,7257
Saint Mary-of-the-Woods College,1.10E+07,,,United States,,1840,126,1577,1703
Saint Michael's College,5.52E+07,144,,United States,,1904,650,2000,
Saint Peter's University,2.50E+07,Total: 284,,United States,,1872,643,2344,2987
Saint Vincent College,6.70E+07,152,NA,United States,,1846,188,1652,
Salem State University,1.60E+07,533,NA,United States,,1854,2362,7763,
Salisbury University,3.53E+07,380,NA,United States,,1925,714,7892,8606
Samford University,2.50E+08,264,,United States,,1841,1558,2882,
San Diego City College,1.62E+08,663,,United States,543,1914,,30626,
San Diego Mesa College,1.16E+08,795,,United States,526,1964,,22696,
San Diego Miramar College,1.10E+08,446,NA,United States,285,1969,,22593,
San Francisco State University,49000000,1506,NA,United States,2010,1899,3895,24395,28290
San Jose State University,4.05E+07,,,United States,,1857,7009,26796,
Santa Clara University,1.03E+09,488268,,United States,Total: 873,1851,3571,5107,8800
Sarah Lawrence College,5.90E+07,,NA,United States,,1926,,1235,
School of Oriental and African Studies,1188,,,United Kingdom,,1916,2095,2430,4525
Seattle Pacific University,4.66E+07,,,United States,,1891,949,3016,
Seattle University,1.64E+08,653,NA,United States,,1891,3124,4631,7751
Seoul National University,1.34E+11,4336,3071,South Korea,991,1946,11329,16626,28018
Seton Hall University,2.03E+08,,,United States,860,1856,4500,5245,
Seton Hill University,8.00E+07,,,United States,,1883,,2014,
Sharif University of Technology,6.16E+07,,NA,Iran,395,1966,4726,5776,10502
Shawnee State University,9300000,,,United States,,1986,80,4520,4600
Shenandoah University,4.20E+07,,,United States,,1875,,1767,
Shippensburg University of Pennsylvania,2.79E+07,130,,United States,,1871,1074,6579,
Shiraz University,739000000,553,,Iran,,1946,1600,12000,13600
Shorter University,27000000,388,,United States,,1873,427,3069,3500
Simon Fraser University,2.09E+08,,,Canada,,1965,5507,29697,35204
Simpson College,5.66E+07,87,,United States,,1860,,1485,
Skagit Valley College,7600000,,,United States,,1926,,6858,
Skidmore College,2.71E+08,211,NA,United States,,1922,50,2500,
Slippery Rock University of Pennsylvania,1.65E+07,,,United States,867,1889,691,7157,
Smith College,1.10E+09,285,NA,United States,,1875,,2600,
Soka University of America,5.00E+08,59,,United States,,2001,8,355,363
Southampton Solent University,633000,,,United Kingdom,,1855,650,9990,17455
South Dakota State University,4.91E+07,671,NA,United States,,1881,,10993,12725
Southeast Missouri State University,2.80E+07,400,,United States,,1873,1500,8977,10477
Southern Arkansas University,1.45E+07,,,United States,,1909,449,2775,3224
Southern Connecticut State University,1.33E+07,,,United States,403,1893,3273,8496,
Southern Illinois University Carbondale,1.00E+08,1362,NA,United States,,1869,4223,15137,18442
Southern Illinois University Edwardsville,1.64E+07,1003,518,United States,2437,1957,2807,11428,14235
Southern Methodist University,1.40E+09,700,,United States,,1911,5000,7000,12000
Southern New Hampshire University,1.65E+07,,NA,United States,,1932,2687,5347,8034
Southern Polytechnic State University,2700000,87,NA,United States,,1948,702,4743,5500
Southern University,9600000,,,United States,1465,1880,1400,8900,7313
Southwestern College (Kansas),1.60E+07,50,,United States,,1885,,1900,
Spring Arbor University,9500000,,NA,United States,,1873,,2940,
Springfield College,3.56E+07,,,United States,,1885,1441,3621,
Springfield College (Massachusetts),3.56E+07,,,United States,,1885,1441,3621,
Sri Ramachandra Medical College and Research Institute,2.47E+07,,,India,1020,1985,500,2500,
St. Andrews University (North Carolina),1.28E+07,64,,United States,,1958,,600,600
St. Bonaventure University,4.20E+07,,NA,United States,~500,1858,~500,2000,
St. Cloud State University,2.10E+07,904,,United States,845,1869,1695,15536,17231
St. Francis Xavier University,1.00E+08,264,,Canada,,1853,356,4571,4927
St. John's University (New York),2.67E+08,1456,,United States,,1870,5086,14983,
St. Lawrence University,2.10E+08,167,,United States,,1856,104,2327,
"St. Mary's University, Texas",1.17E+08,,NA,United States,183,1852,1517,2437,
St. Mary's University College (Twickenham),2.90E+07,,31,United Kingdom,454,1850,1842,3936,5809
"St. Michael's College, Toronto",3.02E+07,,,Canada,,1852,245,3589,
St. Norbert College,63000000,109,,United States,,1898,53,2084,
Stanford University,1.38E+10,1910,,United States,,1891,8441,6878,15319
State University of New York at Brockport,1824,586,NA,United States,,1867,1780,6962,8742
State University of New York at Fredonia,1.74E+07,253,,United States,,1826,332,5043,
State University of New York at New Paltz,7370000,313,,United States,,1828,1303,6582,7885
State University of New York at Oneonta,3.09E+07,,,United States,,1889,,5852,
State University of New York at Oswego,1.15E+07,1039,,United States,,1861,1100,7400,
State University of New York at Plattsburgh,1.41E+07,,,United States,270,1889,650,5567,6214
State University of New York at Potsdam,1.86E+07,304,,United States,,1816,511,3902,
Stetson University,1.44E+08,195,,United States,,1883,485,2291,2776
Stevens Institute of Technology,1.36E+08,179,,United States,,1870,3220,2040,5260
Stonehill College,3.50E+08,255,,United States,,1948,,2600,2426
Stony Brook University,95000000,1902,,United States,,1957,8252,16342,82
Susquehanna University,9.18E+07,120,,United States,,1858,,2200,
Swarthmore College,1.51E+09,172,,United States,,1864,,1525,
Sweet Briar College,7.49E+07,64,,United States,,1901,11,724,735
Syracuse University,1.01E+09,1513,NA,United States,,1870,6206,14201,20407
Tabarestan Higher Education Institution,25000000,,NA,Iran,395,1998,4726,5776,10502
Tallahassee Community College,3.04E+07,170,,United States,,1966,,17669,
Taylor University,6.09E+07,136,,United States,,1846,108,1910,2589
Technical University of Sofia,2.00E+07,11,,Bulgaria,,1945,2173,7029,
Teesside University,334000,,,United Kingdom,2284,1929,3642,25172,28094
Tennessee Technological University,5.00E+07,,NA,United States,500,1915,1953,9920,
Tepper School of Business,1.13E+08,107,105,United States,,1949,851,349,
Texas A&M University,5.10E+09,2700,3951,United States,,1871,5005,36952,46422
Texas Lutheran University,5.76E+07,,,United States,,1891,,1400,
Texas State University–San Marcos,1.20E+08,1272,NA,United States,,1899,4768,29461,
Texas Tech University,891000000,2482,698,United States,,1923,5566,26583,32611
Texas Wesleyan University,3.49E+07,279,,United States,,1890,1534,1604,3378
Thames Valley University,428000,,,United Kingdom,,1991,1940,17200,47430
The Chicago School of Professional Psychology,4400000,220,,United States,,1979,2807,0,
"The Citadel, The Military College of South Carolina",2.09E+08,,NA,United States,,1842,1000,2340,3540
The College of New Jersey,2.43E+07,733,,United States,,1855,759,6205,6964
The College of Saint Rose,3.16E+07,,,United States,,1920,1932,2931,4863
The College of St. Scholastica,4.90E+07,,NA,United States,,1912,1137,2877,4014
The University of Western Australia,3.26E+08,,,Australia,3222,1911,4485,15035,
The University of Western Ontario,3.25E+08,1249,NA,Canada,,1878,4419,20524,
Thomas College,1.12E+07,80,,United States,,1894,,910,1066
Tidewater Community College,3800000,1233,,United States,,1968,0,14209,
Tohoku University,1.30E+09,,,Japan,5756,1907,7704,11094,
Tompkins Cortland Community College,7100000,280,,United States,,1968,,3269,
Tougaloo College,8000000,100,,United States,,1869,,900,
Towson University,3.32E+07,1588,,United States,,1866,4311,17529,
Trent University,2.60E+07,251,NA,Canada,,1964,315,7160,
Trevecca Nazarene University,1.48E+07,,,United States,,1901,1033,1312,2345
Tri-County Technical College,1.30E+07,474,NA,United States,,1962,,6941,
"Trinity College, Hartford",4.41E+08,267,,United States,,1823,96,2144,
Trinity College (Connecticut),4.41E+08,267,,United States,,1823,96,2344,
Trinity University (Texas),975000000,,NA,United States,,1869,206,2487,
Trinity Western University,7700000,,,Canada,,1962,603,1900,4000
Troy University,389466,,NA,United States,,1887,6618,23071,29689
Trulaske College of Business,7.39E+07,64,,United States,,1914,365,3800,
Truman State University,2.79E+07,336,,United States,,1867,,5780,6101
Tufts University,1.37E+09,1233,NA,United States,,1852,4379,5138,9517
UIUC College of Business,8.74E+07,,,United States,,1915,935,2804,3739
United States Air Force Academy,2.37E+07,,,United States,70,1954,,4417,
Universidad de Manila,1.04E+08,,,Philippines,,1995,200,14000,
Universidad De Manila,1.04E+08,,,Philippines,,1995,200,14000,
Universidade Federal de Santa Maria,21900,1728,,Brazil,2683,1960,4325,19845,26851
Universidad Juárez Autónoma de Tabasco,23760,2188,,",",1087,1958,971,24921,35271
Université de Montréal,1.43E+08,6607,,Canada,4379,1878,14485,41055,
"University at Albany, SUNY",3.00E+07,940,,United States,,1844,4650,12950,17500
University of Akron,1.33E+08,1907,,United States,,1870,4650,24601,
University of Alabama,541000000,1175,NA,United States,,1831,,28026,33602
University of Alabama at Birmingham,3.27E+08,2044,NA,United States,NA,1936,6447,11128,17999
University of Alabama in Huntsville,1.69E+07,445,,United States,,1950,1600,6100,7700
University of Alaska Fairbanks,6.17E+07,835,,United States,350,1917,1238,9796,11034
University of Arizona,481000000,2854,NA,United States,,1885,8421,30346,
University of Arkansas,1.06E+09,,,United States,,1871,4162,20433,24595
University of Arkansas at Monticello,8.20E+10,152,,United States,,1910,,824,2942
University of Arkansas Honors College,2.00E+08,,,United States,,2002,287,1317,2200
University of Bath,4180000,,NA,England,,1966,4046,9913,13959
University of Bedfordshire,1400000,,,United Kingdom,,1882,6801,13480,23859
University of Birmingham,7.81E+07,,NA,United Kingdom,,1825,8718,17355,26073
University of Bolton,160000,,,England,700,1982,1520,7731,9251
University of Bradford,222,615,,United Kingdom,1205,1957,3050,10525,13570
University of Brighton,24,,,United Kingdom,2600,1858,4005,17005,21000
University of Bristol,2514,,NA,United Kingdom,5809,1876,5181,12963,
University of Calgary,4.41E+08,,,Canada,5363,1966,"~5,500",25000,
"University of California, Berkeley",2.60E+09,,,United States,,1868,10313,25530,
"University of California, Irvine",2.06E+08,2685,NA,United States,,1965,5700,21976,27676
"University of California, Los Angeles",2.64E+09,4016,NA,United States,26139,1882,12072,27199,39271
"University of California, Riverside",9.66E+07,1638,NA,United States,1938,1954,2433,18523,20956
"University of California, San Diego",380000000,1076,NA,United States,,1960,5513,23663,
"University of California, Santa Barbara",720000000,1086,,United States,,1891,3050,19800,
"University of California, Santa Cruz",9.37E+07,,,United States,,1965,1444,14381,
University of Central Arkansas,4.53E+07,,,United States,,1907,1561,12302,13863
University of Central Florida,1.25E+08,1948,179,United States,8619,1963,8517,50002,58698
University of Central Missouri,2.19E+07,,,United States,439,1871,2171,9466,
University of Central Oklahoma,1.70E+07,834,,United States,,1890,1850,15251,17101
University of Charleston,2.81E+07,,,United States,,1888,225,1090,1315
University of Chester,534756,515,,United Kingdom,885,1839,3600,11800,15405
University of Cincinnati,1.00E+09,5928,NA,United States,3889,1819,10436,33561,4197033329
University of Colombo,1.46E+09,240,,Sri Lanka,1600,1921,2504,9100,11604
University of Colorado at Boulder,665000000,1075,,United States,,1876,5127,24757,29894
University of Colorado Colorado Springs,590000000,601,,United States,,1965,1460,9777,
University of Connecticut,329000000,"UConn Health Center: 5,030",NA,United States,NA,1881,8053,4657,
University of Curaçao,2.00E+07,60,,Cura%C3%A7ao,80,1979,70,2000,
University of Dallas,2880,265,,United States,,1956,1369,1350,2725
University of Dayton,3.47E+08,400,,United States,,1850,3143,6925,
University of Denver,3.50E+08,1259,,United States,1628,1864,6387,5087,11476
University of Derby,69000,,,United Kingdom,,1851,2440,12275,22125
University of Detroit Mercy,2.21E+07,328,,United States,,1877,1400,2971,5471
University of East Anglia,2300000,,NA,United Kingdom,3910,1963,4515,12780,17290
University of Essex,4521000,,,United Kingdom,1997,1964,3125,11640,14765
University of Evansville,5.96E+07,,,United States,,1854,150,2900,3050
University of Exeter,2.39E+07,1257,NA,England,2020,1922,4615,13335,17950
University of Findlay,2.48E+07,280,,United States,,1882,1250,3350,
University of Florida,1.30E+09,4534,,United States,,1853,16991,32064,49589
University of Gloucestershire,106.2,,,United Kingdom,,1834,2655,7065,9940
University of Guelph,2.18E+08,869,,Canada,,1964,2515,19400,
University of Hartford,8.83E+07,,,United States,718,1957,1671,4842,
University of Hawaii at Hilo,1.80E+08,297,,United States,,1941,454,3396,3974
University of Hawaiʻi at Mānoa,5.72E+11,,,United States,,1907,6483,13952,
University of Huddersfield,293000,,,United Kingdom,1100,1825,3570,16175,19740
University of Hull,5700000,1000,,England,2300,1927,3565,18710,22275
University of Idaho,2.43E+08,,NA,United States,,1889,1850,9330,11180
University of Illinois at Chicago,244000000,2473,NA,United States,,1858,11166,16925,28091
University of Illinois at Springfield,8100000,325,,United States,,1969,1977,3048,
University of Illinois at Urbana–Champaign,1.60E+09,2971,,United States,8085,1867,10674,31932,42606
University of Illinois School of Architecture,6674000,59,,United States,,1867,232,525,757
University of Iowa,1.06E+09,2156,,United States,,1847,9754,20574,30328
University of Kansas,955000000,2529,NA,United States,10816,1865,8363,20330,29462
University of Kentucky,7.79E+08,,,United States,11546,1865,7090,19292,2
University of Leeds,4.93E+07,,NA,England,8000,1831,9505,24080,33585
University of Lincoln,424000,,,England,1331,1861,1355,10367,11722
University of Liverpool,1.21E+08,,,England,,1882,3860,16805,20655
University of Louisiana at Monroe,2.32E+07,,NA,United States,,1931,886,7519,
University of Madras,50000000,300,,India,,1857,5000,3000,
University of Manchester,7620,,NA,United Kingdom,10407,2004,11218,27310,39165
University of Manitoba,3.42E+08,,NA,Canada,2348,1877,3333,24267,
University of Mary Hardin–Baylor,2.37E+11,330,84,United States,,1845,269,2784,3137
"University of Maryland, College Park",7.92E+08,3996,,United States,5116,1856,10719,26922,37641
University of Mary Washington,2.89E+07,206,,United States,,1908,981,4398,5379
University of Massachusetts Amherst,529000000,,NA,United States,1174,1863,6196,21373,27269
University of Massachusetts Dartmouth,3.23E+07,520,,United States,,1895,1683,7749,
University of Memphis,1.84E+08,900,,United States,,1912,5068,17963,
University of Miami,7.20E+08,3027,NA,United States,10437,1925,5289,10368,15657
University of Michigan,6.56E+09,6238,NA,United States,18426,1817,15309,26208,41674
University of Michigan College of Engineering,3.76E+08,476,,United States,500,1854,2810,5284,8094
"University of Michigan College of Literature, Science, and the Arts",7.50E+08,1372,NA,United States,2200,1841,,18482,
University of Michigan–Dearborn,3.03E+07,511,,United States,,1959,1550,7405,8955
University of Michigan–Flint,6.34E+07,430,NA,United States,510,1956,1264,6874,8289
University of Milan,562000000,4210,,Italy,2455,1924,4354,49476,62801
University of Missouri,1.04E+09,4347,,United States,12534,1839,7781,26821,34255
University of Missouri College of Arts and Science,4.92E+08,450,,United States,,1841,,9000,
University of Missouri–Kansas City,1.12E+09,1185,NA,United States,2029,1933,5157,9907,15064
University of Missouri–St. Louis,2.38E+08,1107,178,United States,1178,1960,178380,8033,16548
University of Montana,1.08E+08,581,,United States,,1893,,12421,15642
University of Montana – Missoula,1.08E+08,581,,United States,,1893,,12421,15642
University of Mount Union,1.20E+08,,,United States,,1846,,2209,
University of Nebraska–Lincoln,1.14E+09,1597,,United States,,1869,4679,19345,24593
"University of Nevada, Las Vegas",1.69E+08,1000,NA,United States,3282,1957,6378,22708,28203
"University of Nevada, Reno",8.57E+11,1528,NA,United States,,1874,2935,15549,18004
University of New Hampshire,2.38E+08,,,United States,586,1866,2434,12218,
University of Northampton,1156000,,,United Kingdom,1048,2005,2510,11415,13925
University of North Carolina at Asheville,2.11E+07,182,NA,United States,,1927,35,3609,
University of North Carolina at Charlotte,1.06E+08,1280,817,United States,,1961,4994,19755,25063
University of North Carolina at Greensboro,1.52E+08,1060,,United States,2530,1891,3838,14664,18502
University of North Carolina School of the Arts,2.77E+07,186,,United States,,1963,124,739,1144
University of North Carolina Wilmington,6.41E+07,899,,United States,1252,1947,1328,12743,
University of North Dakota,1.22E+08,790,,United States,1906,1883,9201600,11255,5.29E+07
University of Northern British Columbia,6.50E+07,,NA,Canada,,1990,675,3469,4183
University of Northern Colorado,6.15E+07,413,,United States,,1889,2261,10097,
University of Notre Dame,6.80E+09,1241,NA,United States,,1842,3362,8371,11733
University of Nottingham,1920,,,England,,1881,8138,24334,32472
University of Oklahoma,1.20E+09,2937,,United States,,1890,9411,20892,30303
University of Oregon,130000000,1900,,United States,,1876,3816,20631,
University of Ottawa,1.65E+08,2879,NA,Canada,4057,1848,5230,32630,
University of Peradeniya,2.27E+09,731,,Sri Lanka,2973,1942,1440,9605,11065
University of Pikeville,1.42E+07,,,United States,,1889,308,1533,1841
University of Plymouth,672000,,,United Kingdom,3000,1862,5220,24490,30540
University of Portland,8.00E+07,,NA,United States,,1901,540,2997,3537
University of Portsmouth,97.2,,,United Kingdom,2204,1869,3385,18219,21827
University of Prince Edward Island,2.00E+07,250,,Canada,,1969,324,4276,4600
"University of Puerto Rico, Medical Sciences Campus",1.28E+08,623,,Puerto Rico,,1966,2366,400,2766
University of Puerto Rico at Mayagüez,256000000,1026,,Puerto Rico,1336,1911,1104,12079,13183
University of Puget Sound,2.18E+08,219,,United States,,1888,209,2576,
University of Reading,7.16E+07,,,England,4024,1892,10122,12683,22805
University of Rennes 2 – Upper Brittany,30,645,509,France,1095,1969,3,11,17
University of Richmond,1.88E+09,329,,United States,,1830,650,2767,4250
University of Rochester,1.62E+09,,NA,United States,1225,1850,1104,4606,
University of Salford,462000,,,United Kingdom,2781,1850,4385,15505,19890
University of San Francisco,2.13E+08,612,NA,United States,506,1855,3728,6071,9799
University of Scranton,1.32E+08,287,,United States,,1888,2121,4084,
University of Sheffield,2.90E+07,,,United Kingdom,5306,1897,7225,18005,25700
University of Southampton,6420000,,NA,England,5000,1862,6850,16470,23315
University of South Dakota,1.17E+08,,,United States,400,1862,2931,7220,
University of Southern California,3.50E+09,4735,NA,United States,10774,1880,20596,17414,38010
University of Southern Indiana,66000000,821,,United States,,1965,941,9879,10820
University of Southern Mindanao,2.25E+08,,,Philippines,1600,1952,,11,
University of South Florida,3.60E+08,2358,NA,United States,,1956,9355,36358,47122
University of St. Michael's College,3.02E+07,,,Canada,,1852,245,3589,
University of St. Thomas (Minnesota),5.57E+08,,NA,United States,,1885,4358,6176,10534
University of St. Thomas (Texas),5.14E+07,273,,United States,,1947,1496,1750,3246
University of Sunderland,1070000,,,United Kingdom,,1901,2065,14990,17055
University of Surrey,4.87E+07,,,England,2338,1891,6105,9600,15705
University of Sussex,274.8,830,NA,United Kingdom,2120,1961,3175,9275,12445
University of Technology of Troyes,3.30E+07,,,France,190,1994,142,2500,
University of Tehran,518000000,,NA,Iran,3243,1934,21069,18843,39922
University of Tennessee at Chattanooga,7.73E+07,,,United States,422,1886,1364,11429,
University of Texas at Arlington,79000000,1350,,United States,,1895,6715,21370,33788
University of Texas at Austin,2.90E+09,2770,,United States,">21,000",1883,12682,38463,
University of Texas at Dallas,2.71E+08,1002,1194,United States,,1969,7455,11409,19728
University of Texas at El Paso,1.51E+08,1228,,United States,1511,1914,3806,17205,21011
University of the Cumberlands,6.16E+07,,,United States,,1889,1474,1743,
University of the Philippines,7920,4135,,Philippines,6491,1908,,41991,52405
University of the Sciences,1.13E+08,179,,United States,,1821,320,2487,
University of Toledo,1.37E+08,2232,,United States,,1872,2930,18130,23085
University of Toledo Medical Center,1.37E+08,2232,,United States,,1872,2930,20406,23336
University of Tulsa,6.47E+08,306,,United States,,1894,1178,3174,4352
University of Utah,5.13E+08,2687,,United States,14362,1850,7448,23371,30819
University of Victoria,2.62E+08,1073,NA,Canada,6048,1963,2858,16475,19333
University of Virginia,4.45E+09,2102,NA,United States,,1819,6515,14039,
University of Warwick,6700000,,,United Kingdom,4375,1965,5270,12359,18900
University of Washington,1.65E+09,5803,NA,United States,16174,1861,12117,30790,42907
University of Waterloo,2.14E+08,1047,NA,Canada,2184,1956,921,1628,
University of Western Australia,3.26E+08,,,Australia,3222,1911,4485,15035,
University of Western Sydney,28458,,,Australia,1151,1813,8899,28527,37426
University of West Georgia,1.52E+07,,,United States,,1906,1617,10029,11646
University of West London,428000,,,United Kingdom,,1991,1940,17200,47430
University of Windsor,5.07E+07,,,Canada,,1857,1205172,12366,
University of Wisconsin–Madison,1.60E+09,2054,,United States,,1848,9358,28897,42099
University of Wisconsin–Milwaukee,1.84E+08,1623,,United States,,1956,5231,25271,
University of Wisconsin–Oshkosh,1.33E+07,,,United States,,1871,1229,12232,
University of Wisconsin–Platteville,2.96E+07,,,United States,336,1866,696,7232,7928
University of Wisconsin–Stout,3.07E+07,,,United States,390,1891,1036,8303,9339
University of Wollongong,28920,865,,Australia,900,1975,8454,16762,
University of Wolverhampton,160000,,,England,,1835,4535,18935,23470
University of York,8700000,,NA,United Kingdom,3091,1963,4090,9400,13490
Ursinus College,1.20E+08,,,United States,,1869,,1750,
USC School of Cinematic Arts,4.73E+07,88,,United States,135,1929,653,865,
Utah State University,2.09E+08,880,NA,United States,1614,1888,3478,25516,28994
Utica College,2.77E+07,,NA,United States,,1946,599,2505,
Valdosta State University,2.09E+07,,,United States,,1906,2361,10728,13089
Valley Forge Military Academy and College,1.00E+09,176,,United States,,1928,,339,602
Valparaiso University,1.41E+08,220,,United States,,1859,1186,2875,4061
Vanderbilt University,3.30E+09,3358,NA,United States,,1873,5835,6879,12714
Vanderbilt University School of Engineering,5.52E+08,144,NA,United States,,1879,,1305,
Vassar College,8.15E+08,270,,United States,,1861,,2450,
Vaughn College of Aeronautics and Technology,121839,135,,United States,,1932,,1800,
Villanova University,3.70E+08,545,,United States,2000,1842,3200,6394,10482
Virginia Commonwealth University,3.50E+08,2032,NA,United States,11041,1838,6454,23754,31899
Virginia Tech Corps of Cadets,5.25E+08,1361,,United States,,1872,6857,23041,29898
Viterbo University,2.39E+07,,,United States,14,1890,919,2279,3192
Wabash College,3.04E+08,82,NA,United States,,1832,,875,
Wagner College,5.00E+07,107,,United States,,1883,400,2000,2400
Wake Forest University,1.50E+09,636,,United States,,1834,2418,4412,
Walla Walla University,1.40E+07,207,,United States,,1892,,1549,1791
Warren Wilson College,5.95E+07,"~65 full-time, ~15 part-time",,United States,,1894,70,900,
Washburn University,152000000,550,,United States,,1865,,6446,
Washington State University,6.20E+08,1304,611,United States,,1890,2241,15380,21016
Washington University in St. Louis,5.35E+09,3395,NA,United States,,1853,6452,5997,13995
Washington University School of Engineering and Applied Science,2.00E+08,50,,United States,,1854,547,1062,
Webber International University,4900000,45,,United States,,1927,59,557,616
Webb Institute,4.03E+07,10,,United States,,1889,,91,
Webster University,8.49E+07,1,,United States,,1915,16126,4895,21091
Wellesley College,1.27E+09,347,NA,United States,,1875,,2300,
Wesleyan College,4.21E+07,52,,United States,,1839,95,550,
Wesleyan University,6.01E+08,350,,United States,,1831,180,2766,
West Chester University of Pennsylvania,1.23E+07,800,,United States,,1871,2150,12800,
Western Carolina University,3.39E+07,639,NA,United States,967,1889,1979,10000,
Western Connecticut State University,1.28E+07,,,United States,876,1903,94,5907,
Western Illinois University,1.96E+07,750,,United States,,1899,2300,11300,
Western Illinois University-Quad Cities,1.96E+07,103,,United States,,1960,572,663,
Western Kentucky University,1.43E+07,750,,United States,1903,1906,3067,17645,20712
Western Michigan University,1.69E+08,925,NA,United States,NA,1903,5079,19966,25045
Western New England University,3.39E+07,,,United States,,1919,882,2775,3657
Westminster Choir College,2.00E+07,75,,United States,,1926,91,440,
Westminster College (Missouri),5.20E+07,61,,United States,,1851,,1064,
Westminster College (Pennsylvania),7.18E+07,,,United States,,1852,,1550,
Westminster College (Utah),4.61E+07,253,,United States,,1875,719,2168,
Westmont College,7.10E+07,92,,United States,235,1937,,1367,
West Virginia State University,3200000,,,United States,,1891,50,4400,5000
West Virginia University,4.06E+08,1870,NA,United States,7566,1867,6905,22711,29616
Wharton School of the University of Pennsylvania,8.00E+08,304,NA,United States,,1881,1671,2306,
Wheaton College (Illinois),2.74E+08,104,,United States,,1860,500,2400,2900
Wheaton College (Massachusetts),1.65E+08,140,NA,United States,,1834,,1600,
Whitacre College of Engineering,1.00E+08,155,NA,United States,,1925,725,4308,5033
Whitman College,3.35E+08,200,,United States,,1859,,1500,
Whittier College,65000000,96,,United States,,1887,240,1300,
Whitworth University,7.32E+07,127,,United States,,1890,258,2394,2674
Wichita State University,1.70E+08,41,,United States,,1895,3043,11763,14806
Widener University,5.80E+07,326,NA,United States,,1821,3260,3204,
Wilkes University,4.46E+07,157,,United States,,1933,2254,2245,
Willamette University,283000000,315,,United States,,1842,786,1780,2566
Winthrop University,3.11E+07,288,NA,United States,,1886,1054,4859,5913
Wofford College,165000000,119,,United States,,1854,,1525,
Woodbury University,1.60E+07,,NA,United States,,1884,169,1258,1500
Wright State University,8.23E+07,,NA,United States,,1967,3943,18304,19721
Xavier University,1.09E+08,Total: 666,,United States,,1831,2405,4540,6945
Yamagata University,320000000,777,303,Japan,1834,1878,1333,8071,9748
York University,8.90E+08,,NA,Canada,7000,1959,6140,45890,
Zakir Hussain College of Engineering and Technology,12000000,215,,India,400,1938,550,1440,2000
Zamorano,4.20E+07,,,Honduras,?,1941,Does not offer postgraduate studies,900,900